Title,Price,Availability,Rating
A Light in the Attic,51.77,In stock,3
Tipping the Velvet,53.74,In stock,1
Soumission,50.1,In stock,1
Sharp Objects,47.82,In stock,4
Sapiens A Brief History of Humankind,54.23,In stock,5
The Requiem Red,22.65,In stock,1
The Dirty Little Secrets of Getting Your Dream Job,33.34,In stock,4
The Coming Woman A Novel Based on the Life of the Infamous Feminist Victoria Woodhull,17.93,In stock,3
The Boys in the Boat Nine Americans and Their Epic Quest for Gold at the  Berlin Olympics,22.6,In stock,4
The Black Maria,52.15,In stock,1
Starving Hearts Triangular Trade Trilogy ,13.99,In stock,2
Shakespeares Sonnets,20.66,In stock,4
Set Me Free,17.46,In stock,5
Scott Pilgrims Precious Little Life Scott Pilgrim ,52.29,In stock,5
Rip it Up and Start Again,35.02,In stock,5
Our Band Could Be Your Life Scenes from the American Indie Underground ,57.25,In stock,3
Olio,23.88,In stock,1
Mesaerion The Best Science Fiction Stories ,37.59,In stock,1
Libertarianism for Beginners,51.33,In stock,2
Its Only the Himalayas,45.17,In stock,2
In Her Wake,12.84,In stock,1
How Music Works,37.32,In stock,2
Foolproof Preserving A Guide to Small Batch Jams Jellies Pickles Condiments and More A Foolproof Guide to Making Small Batch Jams Jellies Pickles Condiments and More,30.52,In stock,3
Chase Me Paris Nights ,25.27,In stock,5
Black Dust,34.53,In stock,5
Birdsong A Story in Pictures,54.64,In stock,3
Americas Cradle of Quarterbacks Western Pennsylvanias Football Factory from Johnny Unitas to Joe Montana,22.5,In stock,3
Aladdin and His Wonderful Lamp,53.13,In stock,3
Worlds Elsewhere Journeys Around Shakespeares Globe,40.3,In stock,5
Wall and Piece,44.18,In stock,4
The Four Agreements A Practical Guide to Personal Freedom,17.66,In stock,5
The Five Love Languages How to Express Heartfelt Commitment to Your Mate,31.05,In stock,3
The Elephant Tree,23.82,In stock,5
The Bear and the Piano,36.89,In stock,1
Sophies World,15.94,In stock,5
Penny Maybe,33.29,In stock,3
Maude She Grew Up with the country,18.02,In stock,2
In a Dark Dark Wood,19.63,In stock,1
Behind Closed Doors,52.22,In stock,4
You cant bury them all Poems,33.63,In stock,2
Slow States of Collapse Poems,57.31,In stock,3
Reasons to Stay Alive,26.41,In stock,2
Private Paris Private ,47.61,In stock,5
HigherSelfie Wake Up Your Life Free Your Soul Find Your Tribe,23.11,In stock,5
Without Borders Wanderlove ,45.07,In stock,2
When We Collided,31.77,In stock,1
We Love You Charlie Freeman,50.27,In stock,5
Untitled Collection Sabbath Poems ,14.27,In stock,4
Unseen City The Majesty of Pigeons the Discreet Charm of Snails  Other Wonders of the Urban Wilderness,44.18,In stock,4
Unicorn Tracks,18.78,In stock,3
Unbound How Eight Technologies Made Us Human Transformed Society and Brought Our World to the Brink,25.52,In stock,1
Tsubasa WoRLD CHRoNiCLE  Tsubasa WoRLD CHRoNiCLE ,16.28,In stock,1
Throwing Rocks at the Google Bus How Growth Became the Enemy of Prosperity,31.12,In stock,3
This One Summer,19.49,In stock,4
Thirst,17.27,In stock,5
The Torch Is Passed A Harding Family Story,19.09,In stock,1
The Secret of Dreadwillow Carse,56.13,In stock,1
The Pioneer Woman Cooks Dinnertime Comfort Classics Freezer Food Minute Meals and Other Delicious Ways to Solve Supper,56.41,In stock,1
The Past Never Ends,56.5,In stock,4
The Natural History of Us The Fine Art of Pretending ,45.22,In stock,3
The Nameless City The Nameless City ,38.16,In stock,4
The Murder That Never Was Forensic Instincts ,54.11,In stock,3
The Most Perfect Thing Inside and Outside a Birds Egg,42.96,In stock,4
The Mindfulness and Acceptance Workbook for Anxiety A Guide to Breaking Free from Anxiety Phobias and Worry Using Acceptance and Commitment Therapy,23.89,In stock,4
The LifeChanging Magic of Tidying Up The Japanese Art of Decluttering and Organizing,16.77,In stock,3
The Inefficiency Assassin Time Management Tactics for Working Smarter Not Longer,20.59,In stock,5
The Gutsy Girl Escapades for Your Life of Epic Adventure,37.13,In stock,1
The Electric Pencil Drawings from Inside State Hospital No ,56.06,In stock,1
The Death of Humanity and the Case for Life,58.11,In stock,4
The Bulletproof Diet Lose up to a Pound a Day Reclaim Energy and Focus Upgrade Your Life,49.05,In stock,3
The Art Forger,40.76,In stock,3
The Age of Genius The Seventeenth Century and the Birth of the Modern Mind,19.73,In stock,1
The Activists Tao Te Ching Ancient Advice for a Modern Revolution,32.24,In stock,5
Spark Joy An Illustrated Master Class on the Art of Organizing and Tidying Up,41.83,In stock,4
Soul Reader,39.58,In stock,2
Security,39.25,In stock,2
Saga Volume  Saga Collected Editions ,25.02,In stock,3
Saga Volume  Saga Collected Editions ,51.04,In stock,2
Reskilling America Learning to Labor in the TwentyFirst Century,19.83,In stock,2
Rat Queens Vol  Demons Rat Queens Collected Editions ,50.4,In stock,3
Princess Jellyfish in Omnibus Vol  Princess Jellyfish in Omnibus ,13.61,In stock,5
Princess Between Worlds WideAwake Princess ,13.34,In stock,5
Pop Gun War Volume  Gift,18.97,In stock,1
Political Suicide Missteps Peccadilloes Bad Calls Backroom Hijinx Sordid Pasts Rotten Breaks and Just Plain Dumb Mistakes in the Annals of American Politics,36.28,In stock,2
Patience,10.16,In stock,3
Outcast Vol  A Darkness Surrounds Him Outcast ,15.44,In stock,4
orange The Complete Collection  orange The Complete Collection ,48.41,In stock,1
Online Marketing for Busy Authors A StepByStep Guide,46.35,In stock,1
On a Midnight Clear,14.07,In stock,3
Obsidian Lux ,14.86,In stock,2
My Paris Kitchen Recipes and Stories,33.37,In stock,2
Masks and Shadows,56.4,In stock,2
Mama Tried Traditional Italian Cooking for the Screwed Crude Vegan and Tattooed,14.02,In stock,4
Lumberjanes Vol  Friendship to the Max Lumberjanes ,46.91,In stock,2
Lumberjanes Vol  Beware the Kitten Holy Lumberjanes ,45.61,In stock,3
Lumberjanes Vol  A Terrible Plan Lumberjanes ,19.92,In stock,2
Layered Baking Building and Styling Spectacular Cakes,40.11,In stock,1
Judo Seven Steps to Black Belt an Introductory Guide for Beginners,53.9,In stock,2
Join,35.67,In stock,5
In the Country We Love My Family Divided,22.0,In stock,4
Immunity How Elie Metchnikoff Changed the Course of Modern Medicine,57.36,In stock,5
I Hate Fairyland Vol  Madly Ever After I Hate Fairyland Compilations ,29.17,In stock,2
I am a Hero Omnibus Volume ,54.63,In stock,3
How to Be Miserable  Strategies You Already Use,46.03,In stock,1
Her Backup Boyfriend The Sorensen Family ,33.97,In stock,1
Giant Days Vol  Giant Days ,22.11,In stock,2
Forever and Forever The Courtship of Henry Longfellow and Fanny Appleton,29.69,In stock,3
First and First Five Boroughs ,15.97,In stock,4
Fifty Shades Darker Fifty Shades ,21.96,In stock,1
Everydata The Misinformation Hidden in the Little Data You Consume Every Day,54.35,In stock,2
Dont Be a Jerk And Other Practical Advice from Dogen Japans Greatest Zen Master,37.97,In stock,2
Danganronpa Volume ,51.99,In stock,4
Crown of Midnight Throne of Glass ,43.29,In stock,3
Codename Baboushka Volume  The Conclave of Death,36.72,In stock,4
Camp Midnight,17.08,In stock,4
Call the Nurse True Stories of a Country Nurse on a Scottish Isle,29.14,In stock,5
Burning,28.81,In stock,3
Bossypants,49.46,In stock,2
Bitch Planet Vol  Extraordinary Machine Bitch Planet Collected Editions,37.92,In stock,2
Avatar The Last Airbender Smoke and Shadow Part  Smoke and Shadow ,28.09,In stock,2
Algorithms to Live By The Computer Science of Human Decisions,30.81,In stock,1
A World of Flavor Your Gluten Free Passport,42.95,In stock,1
A Piece of Sky a Grain of Rice A Memoir in Four Meditations,56.76,In stock,5
A Murder in Time,16.64,In stock,1
A Flight of Arrows The Pathfinders ,55.53,In stock,5
A Fierce and Subtle Poison,28.13,In stock,4
A Court of Thorns and Roses A Court of Thorns and Roses ,52.37,In stock,1
UnQualified How God Uses Broken People to Do Big Things,54.0,In stock,5
You Are What You Love The Spiritual Power of Habit,21.87,In stock,4
William Shakespeares Star Wars Verily A New Hope William Shakespeares Star Wars ,43.3,In stock,4
Tuesday Nights in ,21.04,In stock,2
Tracing Numbers on a Train,41.6,In stock,3
Throne of Glass Throne of Glass ,35.07,In stock,3
Thomas Jefferson and the Tripoli Pirates The Forgotten War That Changed American History,59.64,In stock,1
Thirteen Reasons Why,52.72,In stock,1
The White Cat and the Monk A Retelling of the Poem Pangur Bn,58.08,In stock,4
The Wedding Dress,24.12,In stock,1
The Vacationers,42.15,In stock,4
The Third Wave An Entrepreneurs Vision of the Future,12.61,In stock,5
The Stranger,17.44,In stock,4
The Shadow Hero The Shadow Hero,33.14,In stock,1
The Secret The Secret ,27.37,In stock,4
The Regional Office Is Under Attack,51.36,In stock,5
The Psychopath Test A Journey Through the Madness Industry,36.0,In stock,2
The Project,10.65,In stock,1
The Power of Now A Guide to Spiritual Enlightenment,43.54,In stock,2
The Omnivores Dilemma A Natural History of Four Meals,38.21,In stock,2
The Nerdy Nummies Cookbook Sweet Treats for the Geek in All of Us,37.34,In stock,5
The Murder of Roger Ackroyd Hercule Poirot ,44.1,In stock,4
The Mistake OffCampus ,43.29,In stock,3
The Matchmakers Playbook Wingmen Inc ,55.85,In stock,1
The Love and Lemons Cookbook An AppletoZucchini Celebration of Impromptu Cooking,37.6,In stock,2
The Long Shadow of Small Ghosts Murder and Memory in an American City,10.97,In stock,1
The Kite Runner,41.82,In stock,4
The House by the Lake,36.95,In stock,1
The Glittering Court The Glittering Court ,44.28,In stock,1
The Girl on the Train,55.02,In stock,2
The Genius of Birds,17.24,In stock,1
The Emerald Mystery,23.15,In stock,2
The Cookies  Cups Cookbook  sweet  savory recipes reminding you to Always Eat Dessert First,41.25,In stock,1
The Bridge to Consciousness Im Writing the Bridge Between Science and Our Old and New Beliefs,32.0,In stock,3
The Artists Way A Spiritual Path to Higher Creativity,38.49,In stock,5
The Art of War,33.34,In stock,5
The Argonauts,10.93,In stock,2
The  Entrepreneur Live Your Startup Dream Without Quitting Your Day Job,27.55,In stock,3
Suddenly in Love Lake Haven ,55.99,In stock,2
Something More Than This,16.24,In stock,4
Soft Apocalypse,26.12,In stock,2
So Youve Been Publicly Shamed,12.23,In stock,2
Shoe Dog A Memoir by the Creator of NIKE,23.99,In stock,2
Shobu Samurai Project Aryoku ,29.06,In stock,3
Secrets and Lace Fatal Hearts ,20.27,In stock,1
Scarlett Epstein Hates It Here,43.55,In stock,5
Romero and Juliet A Tragic Tale of Love and Zombies,36.94,In stock,1
Redeeming Love,20.47,In stock,5
Poses for Artists Volume   Dynamic and Sitting Poses An Essential Reference for Figure Drawing and the Human Form,41.06,In stock,1
Poems That Make Grown Women Cry,14.19,In stock,4
Nightingale Sing,38.28,In stock,1
Night Sky with Exit Wounds,41.05,In stock,1
Mrs Houdini,30.25,In stock,5
Modern Romance,28.26,In stock,5
Miss Peregrines Home for Peculiar Children Miss Peregrines Peculiar Children ,10.76,In stock,1
Louisa The Extraordinary Life of Mrs Adams,16.85,In stock,2
Little Red,13.47,In stock,3
Library of Souls Miss Peregrines Peculiar Children ,48.56,In stock,5
Large Print Heart of the Pride,19.15,In stock,2
I Had a Nice Time And Other Lies How to find love  sht like that,57.36,In stock,4
Hollow City Miss Peregrines Peculiar Children ,42.98,In stock,1
Grumbles,22.16,In stock,2
Full Moon over Noahs Ark An Odyssey to Mount Ararat and Beyond,49.43,In stock,4
Frostbite Vampire Academy ,29.99,In stock,5
Follow You Home,21.36,In stock,1
First Steps for New Christians Print Edition,29.0,In stock,1
Finders Keepers Bill Hodges Trilogy ,53.53,In stock,5
Fables Vol  Legends in Exile Fables ,41.62,In stock,4
Eureka Trivia ,54.59,In stock,4
Drive The Surprising Truth About What Motivates Us,34.95,In stock,4
Done Rubbed Out Reightman  Bailey ,37.72,In stock,5
Doing It Over Most Likely To ,35.61,In stock,3
Deliciously Ella Every Day Quick and Easy Recipes for GlutenFree Snacks Packed Lunches and Simple Meals,42.16,In stock,3
Dark Notes,19.19,In stock,5
Daring Greatly How the Courage to Be Vulnerable Transforms the Way We Live Love Parent and Lead,19.43,In stock,3
Close to You,49.46,In stock,4
Chasing Heaven What Dying Taught Me About Living,37.8,In stock,2
Big Magic Creative Living Beyond Fear,30.8,In stock,3
Becoming Wise An Inquiry into the Mystery and Art of Living,27.43,In stock,2
Beauty Restored Riley Family Legacy Novellas ,11.11,In stock,2
Batman The Long Halloween Batman,36.5,In stock,2
Batman The Dark Knight Returns Batman,15.38,In stock,5
Ayumis Violin,15.48,In stock,2
Anonymous,46.82,In stock,4
Amy Meets the Saints and Sages,18.46,In stock,3
Amid the Chaos,36.58,In stock,1
Amatus,50.54,In stock,5
Agnostic A Spirited Manifesto,12.51,In stock,5
Zealot The Life and Times of Jesus of Nazareth,24.7,In stock,3
You You ,43.61,In stock,5
Wonder Woman Earth One Volume One Wonder Woman Earth One ,37.34,In stock,4
Wild Swans,14.36,In stock,2
Why the Right Went Wrong ConservatismFrom Goldwater to the Tea Party and Beyond,52.65,In stock,4
Whole Lotta Creativity Going On  Fun and Unusual Exercises to Awaken and Strengthen Your Creativity,38.2,In stock,4
Whats It Like in Space Stories from Astronauts Whove Been There,19.6,In stock,2
We Are Robin Vol  The Vigilante Business We Are Robin ,53.9,In stock,1
Walt Disneys Alice in Wonderland,12.96,In stock,5
V for Vendetta V for Vendetta Complete,37.1,In stock,4
Until Friday Night The Field Party ,46.31,In stock,2
Unbroken A World War II Story of Survival Resilience and Redemption,45.95,In stock,2
Twenty Yawns,22.08,In stock,2
Through the Woods,25.38,In stock,2
This Is Where It Ends,27.12,In stock,2
The Year of Magical Thinking,43.04,In stock,2
The Wright Brothers,56.8,In stock,4
The White Queen The Cousins War ,25.91,In stock,5
The Wedding Pact The OMalleys ,32.61,In stock,3
The Time Keeper,27.88,In stock,5
The Testament of Mary,52.67,In stock,4
The StarTouched Queen,46.02,In stock,5
The Songs of the Gods,44.48,In stock,5
The Song of Achilles,37.4,In stock,5
The Rosie Project Don Tillman ,54.04,In stock,1
The Power of Habit Why We Do What We Do in Life and Business,16.88,In stock,3
The Marriage of Opposites,28.08,In stock,4
The Lucifer Effect Understanding How Good People Turn Evil,10.4,In stock,1
The Long Haul Diary of a Wimpy Kid ,44.07,In stock,1
The Loney,23.4,In stock,1
The Literature Book Big Ideas Simply Explained,17.43,In stock,3
The Last Mile Amos Decker ,54.21,In stock,2
The Immortal Life of Henrietta Lacks,40.67,In stock,2
The Hidden Oracle The Trials of Apollo ,52.26,In stock,2
The Help Yourself Cookbook for Kids  Easy PlantBased Recipes Kids Can Make to Stay Healthy and Save the Earth,28.77,In stock,3
The Guilty Will Robie ,13.82,In stock,2
The First Hostage JB Collins ,25.85,In stock,3
The Dovekeepers,48.78,In stock,1
The Darkest Lie,35.35,In stock,5
The Bane Chronicles The Bane Chronicles ,44.73,In stock,4
The BadAss Librarians of Timbuktu And Their Race to Save the Worlds Most Precious Manuscripts,15.77,In stock,1
The th Colony Cotton Malone ,39.24,In stock,1
That Darkness Gardiner and Renner ,13.92,In stock,1
Tastes Like Fear DI Marnie Rome ,10.69,In stock,1
Take Me with You,45.21,In stock,3
Swell A Year of Waves,45.58,In stock,1
Superman Vol  Before Truth Superman by Gene Luen Yang ,11.89,In stock,5
Still Life with Bread Crumbs,26.41,In stock,3
Steve Jobs,39.5,In stock,5
Sorting the Beef from the Bull The Science of Food Fraud Forensics,44.74,In stock,4
Someone Like You The Harrisons ,52.79,In stock,5
So Cute It Hurts Vol  So Cute It Hurts ,35.43,In stock,4
Shtum,55.84,In stock,4
See America A Celebration of Our National Parks  Treasured Sites,48.87,In stock,3
salt,46.78,In stock,4
Robin War,47.82,In stock,3
Red HoodArsenal Vol  Open for Business Red HoodArsenal ,25.48,In stock,2
Rain Fish,23.57,In stock,3
Quarter Life Poetry Poems for the Young Broke and Hangry,50.89,In stock,5
Pet Sematary,10.56,In stock,3
Overload How to Unplug Unwind and Unleash Yourself from the Pressure of Stress,52.15,In stock,3
Once Was a Time,18.28,In stock,2
Old School Diary of a Wimpy Kid ,11.83,In stock,5
No Dream Is Too High Life Lessons From a Man Who Walked on the Moon,21.95,In stock,2
Naruto in Edition Vol  Includes Vols     Naruto Omnibus ,38.39,In stock,2
My Name Is Lucy Barton,41.56,In stock,1
My Mrs Brown,24.48,In stock,3
My Kind of Crazy,40.36,In stock,1
Mr Mercedes Bill Hodges Trilogy ,28.9,In stock,1
More Than Music Chasing the Dream ,37.61,In stock,2
Made to Stick Why Some Ideas Survive and Others Die,38.85,In stock,5
Luis Paints the World,53.95,In stock,3
Luckiest Girl Alive,49.83,In stock,3
Lowriders to the Center of the Earth Lowriders in Space ,51.51,In stock,2
Love Is a Mix Tape Music ,18.03,In stock,1
Looking for Lovely Collecting the Moments that Matter,29.14,In stock,5
Living Leadership by Insight A Good Leader Achieves a Great Leader Builds Monuments,46.91,In stock,4
Let It Out A Journey Through Journaling,26.79,In stock,5
Lady Midnight The Dark Artifices ,16.28,In stock,5
Its All Easy Healthy Delicious Weeknight Meals in under  Minutes,19.55,In stock,1
Island of Dragons Unwanteds ,29.65,In stock,1
I Know What Im Doing  and Other Lies I Tell Myself Dispatches from a Life Under Construction,25.98,In stock,4
I Am Pilgrim Pilgrim ,10.6,In stock,4
Hyperbole and a Half Unfortunate Situations Flawed Coping Mechanisms Mayhem and Other Things That Happened,14.75,In stock,5
Hush Hush Hush Hush ,47.02,In stock,3
Hold Your Breath Search and Rescue ,28.82,In stock,1
Hamilton The Revolution,58.79,In stock,3
Greek Mythic History,10.23,In stock,5
God The Most Unpleasant Character in All Fiction,30.03,In stock,5
Glory over Everything Beyond The Kitchen House,45.84,In stock,3
Feathers Displays of Brilliant Plumage,49.05,In stock,3
Far  Away Places on the Brink of Change Seven Continents TwentyFive Years,15.06,In stock,4
Every Last Word,46.47,In stock,3
Eligible The Austen Project ,27.09,In stock,3
El Deafo,57.62,In stock,5
Eight Hundred Grapes,14.39,In stock,4
Eaternity More than  Deliciously Easy Vegan Recipes for a Long Healthy Satisfied Joyful Life,51.75,In stock,5
Eat Fat Get Thin,54.07,In stock,2
Dont Get Caught,55.35,In stock,1
Doctor Sleep The Shining ,40.12,In stock,2
Demigods  Magicians Percy and Annabeth Meet the Kanes Percy Jackson  Kane Chronicles Crossover ,37.51,In stock,5
Dear Mr Knightley,11.21,In stock,5
Daily Fantasy Sports,36.58,In stock,1
Crazy Love Overwhelmed by a Relentless God,47.72,In stock,2
Cometh the Hour The Clifton Chronicles ,25.01,In stock,3
Code Name Verity Code Name Verity ,22.13,In stock,4
Clockwork Angel The Infernal Devices ,44.14,In stock,1
City of Glass The Mortal Instruments ,56.02,In stock,4
City of Fallen Angels The Mortal Instruments ,11.23,In stock,4
City of Bones The Mortal Instruments ,43.28,In stock,1
City of Ashes The Mortal Instruments ,47.27,In stock,1
Cell,20.29,In stock,4
Catching Jordan Hundred Oaks,50.83,In stock,3
Carry On Warrior Thoughts on Life Unarmed,31.85,In stock,3
Carrie,46.23,In stock,2
Buying In The Secret Dialogue Between What We Buy and Who We Are,37.8,In stock,4
Brain on Fire My Month of Madness,49.32,In stock,5
Batman Europa,32.01,In stock,2
Barefoot Contessa Back to Basics,28.01,In stock,1
Barefoot Contessa at Home Everyday Recipes Youll Make Over and Over Again,50.62,In stock,5
Balloon Animals,17.03,In stock,3
Art Ops Vol ,48.8,In stock,3
Aristotle and Dante Discover the Secrets of the Universe Aristotle and Dante Discover the Secrets of the Universe ,58.14,In stock,4
Angels Walking Angels Walking ,34.2,In stock,2
Angels  Demons Robert Langdon ,51.48,In stock,3
All the Light We Cannot See,29.87,In stock,5
Adulthood Is a Myth A Sarahs Scribbles Collection,10.9,In stock,2
Abstract City,56.37,In stock,5
A Time of Torment Charlie Parker ,48.35,In stock,5
A Study in Scarlet Sherlock Holmes ,16.73,In stock,2
A Series of Catastrophes and Miracles A True Story of Love Science and Cancer,56.48,In stock,2
A Peoples History of the United States,40.79,In stock,2
A Man Called Ove,39.72,In stock,1
A Distant Mirror The Calamitous th Century,14.58,In stock,3
A Brush of Wings Angels Walking ,55.51,In stock,1
 New Revelations of the Americas Before Columbus,21.8,In stock,3
The Three Searches Meaning and the Story,13.33,In stock,3
Searching for Meaning in Gailana,38.73,In stock,1
Rook,37.86,In stock,4
My Kitchen Year  Recipes That Saved My Life,11.53,In stock,2
 Hours The Inside Account of What Really Happened In Benghazi,27.06,In stock,1
Will You Wont You Want Me,13.86,In stock,3
Tipping Point for Planet Earth How Close Are We to the Edge,37.55,In stock,1
The StarTouched Queen,32.3,In stock,5
The Silent Sister Riley MacPherson ,46.29,In stock,5
The Midnight Watch A Novel of the Titanic and the Californian,26.2,In stock,1
The Lonely City Adventures in the Art of Being Alone,33.26,In stock,2
The Gray Rhino How to Recognize and Act on the Obvious Dangers We Ignore,59.15,In stock,4
The Golden Condom And Other Essays on Love Lost and Found,39.43,In stock,1
The Epidemic The Program ,14.44,In stock,5
The Dinner Party,56.54,In stock,2
The Diary of a Young Girl,59.9,In stock,3
The Children,11.88,In stock,3
Stars Above The Lunar Chronicles ,48.05,In stock,2
Snatched How A Drug Queen Went Undercover for the DEA and Was Kidnapped By Colombian Guerillas,21.21,In stock,3
Raspberry Pi Electronics Projects for the Evil Genius,49.67,In stock,4
Quench Your Own Thirst Business Lessons Learned Over a Beer or Two,43.14,In stock,1
Psycho Sanitarium Psycho ,36.97,In stock,5
Poisonous Max Revere Novels ,26.8,In stock,3
One with You Crossfire ,15.71,In stock,4
No Love Allowed Dodge Cove ,54.65,In stock,4
Murder at the nd Street Library Raymond Ambler ,54.36,In stock,4
Most Wanted,35.28,In stock,3
Love Lies and Spies,20.55,In stock,2
How to Speak Golf An Illustrated Guide to Links Lingo,58.32,In stock,5
Hide Away Eve Duncan ,11.84,In stock,1
Furiously Happy A Funny Book About Horrible Things,41.46,In stock,4
Everyday Italian  Simple and Delicious Recipes,20.1,In stock,5
Equal Is Unfair Americas Misguided Fight Against Income Inequality,56.86,In stock,1
Eleanor  Park,56.51,In stock,5
Dirty Dive Bar ,40.83,In stock,4
Can You Keep a Secret Fear Street Relaunch ,48.64,In stock,1
Boar Island Anna Pigeon ,59.48,In stock,3
A Paris Apartment,39.01,In stock,4
A la Mode  Recipes in  Pairings Pies Tarts Cakes Crisps and More Topped with Ice Cream Gelato Frozen Custard and More,38.77,In stock,1
Troublemaker Surviving Hollywood and Scientology,48.39,In stock,2
The Widow,27.26,In stock,2
The Sleep Revolution Transforming Your Life One Night at a Time,11.68,In stock,4
The Improbability of Love,59.45,In stock,1
The Art of Startup Fundraising,21.0,In stock,3
Take Me Home Tonight Rock Star Romance ,53.98,In stock,3
Sleeping Giants Themis Files ,48.74,In stock,1
Setting the World on Fire The Brief Astonishing Life of St Catherine of Siena,21.15,In stock,2
Playing with Fire,13.71,In stock,3
Off the Hook Fishing for Trouble ,47.67,In stock,3
Mothering Sunday,13.34,In stock,2
Mother Can You Not,16.89,In stock,5
M Train,27.18,In stock,1
Lilac Girls,17.28,In stock,2
Lies and Other Acts of Love,45.14,In stock,1
Lab Girl,40.85,In stock,1
Keep Me Posted,20.46,In stock,4
It Didnt Start with You How Inherited Family Trauma Shapes Who We Are and How to End the Cycle,56.27,In stock,3
Grey Fifty Shades ,48.49,In stock,4
Exit Pursued by a Bear,51.34,In stock,4
Daredevils,16.34,In stock,3
Cravings Recipes for What You Want to Eat,20.5,In stock,3
Born for This How to Find the Work You Were Meant to Do,21.59,In stock,5
Arena,21.36,In stock,4
Adultery,20.88,In stock,5
A Mothers Reckoning Living in the Aftermath of Tragedy,19.53,In stock,3
A Gentlemans Position Society of Gentlemen ,14.75,In stock,5
,48.48,In stock,3
 Happier How I Tamed the Voice in My Head Reduced Stress Without Losing My Edge and Found SelfHelp That Actually Works,24.57,In stock,2
Day Green Smoothie Cleanse Lose Up to  Pounds in  Days,49.71,In stock,5
Without Shame,48.27,In stock,5
Watchmen,58.05,In stock,4
Unlimited Intuition Now,58.87,In stock,4
Underlying Notes,11.82,In stock,2
The Shack,28.03,In stock,1
The New Brand You Your New Image Makes the Sale for You,44.05,In stock,5
The Moosewood Cookbook Recipes from Moosewood Restaurant Ithaca New York,12.34,In stock,4
The Flowers Lied,16.68,In stock,2
The Fabric of the Cosmos Space Time and the Texture of Reality,55.91,In stock,1
The Book of Mormon,24.57,In stock,3
The Art and Science of Low Carbohydrate Living,52.98,In stock,5
The Alien Club,54.4,In stock,1
Suzie Snowflake One beautiful flake a selfesteem story,54.81,In stock,5
NapaRoo,25.08,In stock,1
NaNo What Now Finding your editing process revising your NaNoWriMo book and building a writing career through publishing and beyond,10.41,In stock,4
Modern Day Fables,47.44,In stock,2
If I Gave You Gods Phone Number Searching for Spirituality in America,20.91,In stock,1
Fruits Basket Vol  Fruits Basket ,33.95,In stock,4
Dress Your Family in Corduroy and Denim,43.68,In stock,3
Dont Forget Steven,33.23,In stock,1
Chernobyl  The Incredible True Story of the Worlds Worst Nuclear Disaster,35.92,In stock,2
Art and Fear Observations on the Perils and Rewards of Artmaking,48.63,In stock,4
A Shard of Ice The Black Symphony Saga ,56.63,In stock,3
A Heros Curse The Unseen Chronicles ,50.49,In stock,3
 Degrees South A Tropical Tale of Changing Whether,35.79,In stock,2
Zero to One Notes on Startups or How to Build the Future,34.06,In stock,3
Why Not Me,17.76,In stock,1
When Breath Becomes Air,39.36,In stock,2
Vagabonding An Uncommon Guide to the Art of LongTerm World Travel,36.94,In stock,2
The Unlikely Pilgrimage of Harold Fry Harold Fry ,43.62,In stock,5
The New Drawing on the Right Side of the Brain,43.02,In stock,3
The Midnight Assassin Panic Scandal and the Hunt for Americas First Serial Killer,28.45,In stock,4
The Martian The Martian ,41.39,In stock,2
The High Mountains of Portugal,51.15,In stock,1
The Grownup,35.88,In stock,1
The EMyth Revisited Why Most Small Businesses Dont Work and What to Do About It,36.91,In stock,1
South of Sunshine,28.93,In stock,1
Smarter Faster Better The Secrets of Being Productive in Life and Business,38.89,In stock,5
Silence in the Dark Logan Point ,58.33,In stock,3
Shadows of the Past Logan Point ,39.67,In stock,5
Roller Girl,14.1,In stock,5
Rising Strong,21.82,In stock,3
Proofs of God Classical Arguments from Tertullian to Barth,54.21,In stock,1
Please Kill Me The Uncensored Oral History of Punk,31.19,In stock,4
Out of Print City Lights Spotlight No ,53.64,In stock,5
My Life Next Door My Life Next Door ,36.39,In stock,5
Millers Valley,58.54,In stock,2
Mans Search for Meaning,29.48,In stock,3
Love That Boy What Two Presidents Eight Road Trips and My Son Taught Me About a Parents Expectations,25.06,In stock,2
Living Forward A Proven Plan to Stop Drifting and Get the Life You Want,12.55,In stock,3
Les Fleurs du Mal,29.04,In stock,5
Left Behind Left Behind ,40.72,In stock,2
Kill Em and Leave Searching for James Brown and the American Soul,45.05,In stock,5
Kierkegaard A Christian Missionary to Christians,47.13,In stock,1
John Vassos Industrial Design for Modern Life,20.22,In stock,4
Ill Give You the Sun,56.48,In stock,1
I Will Find You,44.21,In stock,1
Hystopia A Novel,21.96,In stock,4
Howl and Other Poems,40.45,In stock,2
History of Beauty,10.29,In stock,4
Heaven is for Real A Little Boys Astounding Story of His Trip to Heaven and Back,52.86,In stock,2
Future Shock Future Shock ,55.65,In stock,5
Enders Game The Ender Quintet ,43.64,In stock,1
Diary of a Citizen Scientist Chasing Tiger Beetles and Other New Ways of Engaging the World,28.41,In stock,1
Death by Leisure A Cautionary Tale,37.51,In stock,4
Brilliant Beacons A History of the American Lighthouse,11.45,In stock,3
Brazen The Courage to Find the You Thats Been Hiding,19.22,In stock,2
Between the World and Me,56.91,In stock,4
Being Mortal Medicine and What Matters in the End,55.06,In stock,4
A Murder Over a Girl Justice Gender Junior High,13.2,In stock,3
 Yolks,53.63,In stock,2
Most Blessed of the Patriarchs Thomas Jefferson and the Empire of the Imagination,44.48,In stock,5
You Are a Badass How to Stop Doubting Your Greatness and Start Living an Awesome Life,12.08,In stock,3
Wildlife of New York A FiveBorough Coloring Book,22.14,In stock,2
What Happened on Beale Street Secrets of the South Mysteries ,25.37,In stock,5
Unreasonable Hope Finding Faith in the God Who Brings Purpose to Your Pain,46.33,In stock,2
Under the Tuscan Sun,37.33,In stock,3
Toddlers Are Aholes Its Not Your Fault,25.55,In stock,1
The Year of Living Biblically One Mans Humble Quest to Follow the Bible as Literally as Possible,34.72,In stock,1
The Whale,35.96,In stock,4
The Story of Art,41.14,In stock,4
The Origin of Species,10.01,In stock,4
The Great Gatsby,36.05,In stock,4
The Good Girl,49.03,In stock,3
The Glass Castle,16.24,In stock,1
The Faith of Christopher Hitchens The Restless Soul of the Worlds Most Notorious Atheist,39.55,In stock,1
The Drowning Girls,35.67,In stock,3
The Constant Princess The Tudor Court ,16.62,In stock,3
The Bourne Identity Jason Bourne ,42.78,In stock,4
The Bachelor Girls Guide to Murder Herringford and Watts Mysteries ,52.3,In stock,5
The Art Book,32.34,In stock,2
The  Habits of Highly Effective People Powerful Lessons in Personal Change,33.17,In stock,4
Team of Rivals The Political Genius of Abraham Lincoln,20.12,In stock,5
Steal Like an Artist  Things Nobody Told You About Being Creative,20.9,In stock,2
Sit Stay Love,20.9,In stock,3
Sister Dear,40.2,In stock,4
Shrunken Treasures Literary Classics Short Sweet and Silly,52.87,In stock,3
Rich Dad Poor Dad,51.74,In stock,1
Raymie Nightingale,34.41,In stock,2
Playing from the Heart,32.38,In stock,1
Nightstruck A Novel,50.35,In stock,4
Naturally Lean  Nourishing GlutenFree PlantBased RecipesAll Under  Calories,11.38,In stock,5
Meternity,43.58,In stock,3
Memoirs of a Geisha,49.67,In stock,3
Like Never Before Walker Family ,28.77,In stock,2
Life of Pi,13.22,In stock,4
Leave This Song Behind Teen Poetry at Its Best,51.17,In stock,5
Kings Folly The Kinsman Chronicles ,39.61,In stock,5
John Adams,57.43,In stock,4
How to Cook Everything Vegetarian Simple Meatless Recipes for Great Food How to Cook Everything,46.01,In stock,4
How to Be a Domestic Goddess Baking and the Art of Comfort Cooking,28.25,In stock,2
Good in Bed Cannie Shapiro ,37.05,In stock,5
Fruits Basket Vol  Fruits Basket ,19.57,In stock,1
For the Love Fighting for Grace in a World of Impossible Standards,45.13,In stock,3
Finding God in the Ruins How God Redeems Pain,46.64,In stock,2
Every Heart a Doorway Every Heart A Doorway ,12.16,In stock,5
Delivering the Truth Quaker Midwife Mystery ,20.89,In stock,4
Counted With the Stars Out from Egypt ,17.97,In stock,5
Chronicles Vol ,52.6,In stock,2
Blue Like Jazz Nonreligious Thoughts on Christian Spirituality,25.77,In stock,1
Benjamin Franklin An American Life,48.19,In stock,3
At The Existentialist Caf Freedom Being and apricot cocktails with JeanPaul Sartre Simone de Beauvoir Albert Camus Martin Heidegger Edmund Husserl Karl Jaspers Maurice MerleauPonty and others,29.93,In stock,5
A Summer In Europe,44.34,In stock,2
A Short History of Nearly Everything,52.4,In stock,5
A Gathering of Shadows Shades of Magic ,44.81,In stock,4
The Sound Of Love,57.84,In stock,5
The Rise and Fall of the Third Reich A History of Nazi Germany,39.67,In stock,2
The Perks of Being a Wallflower,55.02,In stock,3
The Mysterious Affair at Styles Hercule Poirot ,24.8,In stock,4
The Man Who Mistook His Wife for a Hat and Other Clinical Tales,59.45,In stock,4
The Makings of a Fatherless Child,31.58,In stock,2
The Joy of Cooking,43.27,In stock,4
The Invention of Wings,37.34,In stock,1
The Hobbit MiddleEarth Universe,17.8,In stock,5
The Great Railway Bazaar,30.54,In stock,1
The Golden Compass His Dark Materials ,18.77,In stock,1
The God Delusion,46.85,In stock,3
The Girl You Left Behind The Girl You Left Behind ,15.79,In stock,1
The Fellowship of the Ring The Lord of the Rings ,10.27,In stock,2
The Collected Poems of WB Yeats The Collected Works of WB Yeats ,15.42,In stock,5
The Barefoot Contessa Cookbook,59.92,In stock,5
Tell the Wolves Im Home,50.96,In stock,2
Ship Leaves Harbor Essays on Travel by a Recovering Journeyman,30.6,In stock,3
Pride and Prejudice,19.27,In stock,4
Musicophilia Tales of Music and the Brain,46.58,In stock,1
Mere Christianity,48.51,In stock,3
Me Before You Me Before You ,19.02,In stock,1
In the Woods Dublin Murder Squad ,38.38,In stock,2
In Cold Blood,49.98,In stock,4
How to Stop Worrying and Start Living,46.49,In stock,5
Give It Back,18.32,In stock,2
Girl Interrupted,42.14,In stock,3
Fun Home A Family Tragicomic,56.59,In stock,4
Fruits Basket Vol  Fruits Basket ,20.96,In stock,4
Deception Point,40.32,In stock,4
Death Note Vol  GiveandTake Death Note ,36.39,In stock,3
Catherine the Great Portrait of a Woman,58.55,In stock,4
Better Homes and Gardens New Cook Book,39.61,In stock,3
An Unquiet Mind A Memoir of Moods and Madness,21.3,In stock,3
A Year in Provence Provence ,56.88,In stock,4
World Without End The Pillars of the Earth ,32.97,In stock,4
Will Grayson Will Grayson Will Grayson Will Grayson,47.31,In stock,4
Why Save the Bankers And Other Essays on Our Economic and Political Crisis,48.67,In stock,2
Where She Went If I Stay ,41.73,In stock,4
What If Serious Scientific Answers to Absurd Hypothetical Questions,53.68,In stock,4
Two Summers,14.64,In stock,1
This Is Your Brain on Music The Science of a Human Obsession,38.4,In stock,1
The Secret Garden,15.08,In stock,4
The Raven King The Raven Cycle ,30.57,In stock,2
The Raven Boys The Raven Cycle ,57.74,In stock,4
The Power Greens Cookbook  Delicious Superfood Recipes,11.05,In stock,5
The Metamorphosis,28.58,In stock,1
The Mathews Men Seven Brothers and the War Against Hitlers Uboats,42.91,In stock,5
The Little Paris Bookshop,24.73,In stock,3
The Hiding Place,55.91,In stock,4
The Grand Design,13.76,In stock,3
The Firm,45.56,In stock,3
The Fault in Our Stars,47.22,In stock,1
The False Prince The Ascendance Trilogy ,56.0,In stock,5
The Expatriates,44.58,In stock,2
The Dream Thieves The Raven Cycle ,34.5,In stock,1
The Darkest Corners,11.33,In stock,5
The Crossover,38.77,In stock,4
The th Wave The th Wave ,11.83,In stock,2
Tell the Wind and Fire,45.51,In stock,3
Tell Me Three Things,41.81,In stock,1
Talking to Girls About Duran Duran One Young Mans Quest for True Love and a Cooler Haircut,25.15,In stock,4
Siddhartha,34.22,In stock,5
Shiver The Wolves of Mercy Falls ,16.23,In stock,5
Remember Me,11.48,In stock,3
Red Dragon Hannibal Lecter ,23.37,In stock,3
Peak Secrets from the New Science of Expertise,16.28,In stock,2
My Mother Was Nuts,31.63,In stock,4
Mexican Today New and Rediscovered Recipes for Contemporary Kitchens,24.91,In stock,5
Maybe Something Beautiful How Art Transformed a Neighborhood,22.54,In stock,1
Lola and the Boy Next Door Anna and the French Kiss ,23.63,In stock,4
Logan Kade Fallen Crest High ,13.12,In stock,2
Last One Home New Beginnings ,59.98,In stock,3
Killing Floor Jack Reacher ,31.49,In stock,4
Kill the Boy Band,15.52,In stock,5
Isla and the Happily Ever After Anna and the French Kiss ,48.13,In stock,5
If I Stay If I Stay ,38.13,In stock,5
I Know Why the Caged Bird Sings Maya Angelous Autobiography ,36.55,In stock,2
Harry Potter and the Deathly Hallows Harry Potter ,23.32,In stock,1
Fruits Basket Vol  Fruits Basket ,16.33,In stock,1
Foundation Foundation Publication Order ,32.42,In stock,1
Fool Me Once,16.96,In stock,1
Find Her Detective DD Warren ,22.37,In stock,1
Evicted Poverty and Profit in the American City,42.27,In stock,1
Drama,38.7,In stock,2
Dracula the UnDead,35.63,In stock,5
Digital Fortress,58.0,In stock,5
Death Note Vol  Whiteout Death Note ,52.41,In stock,1
Data A Love Story How I Gamed Online Dating to Meet My Match,32.35,In stock,3
Critique of Pure Reason,20.75,In stock,1
Booked,17.49,In stock,5
Blue Lily Lily Blue The Raven Cycle ,34.13,In stock,5
Approval Junkie Adventures in Caring Too Much,58.81,In stock,5
An Abundance of Katherines,10.0,In stock,5
Americas War for the Greater Middle East A Military History,51.22,In stock,2
Alight The Generations Trilogy ,58.59,In stock,4
A Girls Guide to Moving On New Beginnings ,31.3,In stock,1
A Game of Thrones A Song of Ice and Fire ,46.42,In stock,2
A Feast for Crows A Song of Ice and Fire ,17.21,In stock,4
A Clash of Kings A Song of Ice and Fire ,10.79,In stock,3
Vogue Colors A to Z A Fashion Coloring Book,52.35,In stock,4
The Shining The Shining ,27.88,In stock,3
The Pilgrims Progress,50.26,In stock,2
The Perfect Play Play by Play ,59.99,In stock,3
The Passion of Dolssa,28.32,In stock,5
The Jazz of Physics The Secret Link Between Music and the Structure of the Universe,38.71,In stock,3
The Hunger Games The Hunger Games ,29.85,In stock,5
The Hound of the Baskervilles Sherlock Holmes ,14.82,In stock,2
The Gunning of America Business and the Making of American Gun Culture,16.81,In stock,4
The Geography of Bliss One Grumps Search for the Happiest Places in the World,28.23,In stock,2
The Demonists Demonist ,52.11,In stock,2
The Demon Prince of Momochi House Vol  The Demon Prince of Momochi House ,27.88,In stock,2
The Bone Hunters Lexy Vaughan  Steven Macaulay ,59.71,In stock,3
The Beast Black Dagger Brotherhood ,46.08,In stock,5
Some Women,13.73,In stock,5
Shopaholic Ties the Knot Shopaholic ,48.39,In stock,5
Paper and Fire The Great Library ,49.45,In stock,5
Outlander Outlander ,19.67,In stock,5
Orchestra of Exiles The Story of Bronislaw Huberman the Israel Philharmonic and the One Thousand Jews He Saved from Nazi Horrors,12.36,In stock,3
No One Here Gets Out Alive,20.02,In stock,5
Night Shift Night Shift ,12.75,In stock,4
Needful Things,47.51,In stock,4
Mockingjay The Hunger Games ,20.44,In stock,4
Misery,34.79,In stock,2
Little Women Little Women ,28.07,In stock,4
It,25.01,In stock,3
Harry Potter and the Sorcerers Stone Harry Potter ,13.9,In stock,3
Harry Potter and the Prisoner of Azkaban Harry Potter ,24.17,In stock,4
Harry Potter and the Order of the Phoenix Harry Potter ,31.63,In stock,4
Harry Potter and the HalfBlood Prince Harry Potter ,48.75,In stock,5
Harry Potter and the Chamber of Secrets Harry Potter ,14.74,In stock,1
Gone with the Wind,32.49,In stock,3
God Is Not Great How Religion Poisons Everything,27.8,In stock,1
Girl With a Pearl Earring,26.77,In stock,1
Fruits Basket Vol  Fruits Basket ,50.44,In stock,4
Far From True Promise Falls Trilogy ,34.93,In stock,2
Dark Lover Black Dagger Brotherhood ,12.87,In stock,1
Confessions of a Shopaholic Shopaholic ,48.94,In stock,2
Changing the Game Play by Play ,13.38,In stock,3
Candide,58.63,In stock,3
Can You Keep a Secret,21.94,In stock,1
Atlas Shrugged,26.58,In stock,5
Animal Farm,57.22,In stock,3
A Walk to Remember,56.43,In stock,1
A New Earth Awakening to Your Lifes Purpose,55.65,In stock,5
A History of God The Year Quest of Judaism Christianity and Islam,27.62,In stock,1
Salems Lot,49.56,In stock,4
Zero History Blue Ant ,34.77,In stock,1
Wuthering Heights,17.73,In stock,3
World War Z An Oral History of the Zombie War,21.8,In stock,1
Wild From Lost to Found on the Pacific Crest Trail,46.02,In stock,3
Whered You Go Bernadette,18.13,In stock,1
When You Are Engulfed in Flames,30.89,In stock,5
We the People The ModernDay Figures Who Have Reshaped and Affirmed the Founding Fathers Vision of America,31.95,In stock,3
We Are All Completely Beside Ourselves,24.04,In stock,1
Walk the Edge Thunder Road ,32.36,In stock,3
Voyager Outlander ,21.07,In stock,5
Very Good Lives The Fringe Benefits of Failure and the Importance of Imagination,50.66,In stock,3
Vegan Vegetarian Omnivore Dinner for Everyone at the Table,13.66,In stock,2
Unstuffed Decluttering Your Home Mind and Soul,58.09,In stock,1
Under the Banner of Heaven A Story of Violent Faith,30.0,In stock,1
Two Boys Kissing,32.74,In stock,2
Twilight Twilight ,41.93,In stock,2
Twenties Girl,42.8,In stock,2
Trespassing Across America One Mans Epic NeverDoneBefore and Sort of Illegal Hike Across the Heartland,53.51,In stock,1
ThreeMartini Lunch,23.21,In stock,3
Thinking Fast and Slow,21.14,In stock,1
The Wild Robot,56.07,In stock,3
The Wicked  The Divine Vol  Commercial Suicide The Wicked  The Divine,14.41,In stock,3
The Undomestic Goddess,45.75,In stock,4
The Travelers,15.77,In stock,1
The Tipping Point How Little Things Can Make a Big Difference,10.02,In stock,2
The Thing About Jellyfish,48.77,In stock,1
The Stand,57.86,In stock,2
The Smitten Kitchen Cookbook,23.59,In stock,1
The Silkworm Cormoran Strike ,23.05,In stock,5
The Sandman Vol  Dream Country The Sandman volumes ,55.55,In stock,5
The Rose  the Dagger The Wrath and the Dawn ,58.64,In stock,4
The Road to Little Dribbling Adventures of an American in Britain Notes From a Small Island ,23.21,In stock,1
The Rise of Theodore Roosevelt Theodore Roosevelt ,42.57,In stock,3
The Restaurant at the End of the Universe Hitchhikers Guide to the Galaxy ,10.92,In stock,1
The Rest Is Noise Listening to the Twentieth Century,34.77,In stock,1
The Red Tent,35.66,In stock,5
The Purpose Driven Life What on Earth Am I Here for,37.19,In stock,3
The Purest Hook Second Circle Tattoos ,12.25,In stock,1
The Picture of Dorian Gray,29.7,In stock,2
The Paris Wife,36.8,In stock,3
The Obsession,45.43,In stock,1
The Nightingale,26.26,In stock,4
The New Guy and Other Senior Year Distractions,44.92,In stock,3
The Nanny Diaries Nanny ,52.53,In stock,5
The Name of God is Mercy,37.25,In stock,2
The Maze Runner The Maze Runner ,20.93,In stock,1
The Lovers Dictionary,58.09,In stock,2
The Lonely Ones,43.59,In stock,5
The Lean Startup How Todays Entrepreneurs Use Continuous Innovation to Create Radically Successful Businesses,33.92,In stock,3
The Last Painting of Sara de Vos,55.55,In stock,2
The Land of  Madonnas,29.64,In stock,4
The Infinities,27.41,In stock,1
The Husbands Secret,52.51,In stock,5
The Hitchhikers Guide to the Galaxy Hitchhikers Guide to the Galaxy ,47.8,In stock,3
The Guns of August,14.54,In stock,2
The Guernsey Literary and Potato Peel Pie Society,49.53,In stock,1
The Goldfinch,43.58,In stock,3
The Giver The Giver Quartet ,12.3,In stock,1
The Girl with All the Gifts,49.47,In stock,3
The Girl Who Played with Fire Millennium Trilogy ,22.14,In stock,2
The Girl Who Kicked the Hornets Nest Millennium Trilogy ,57.48,In stock,1
The Exiled,43.45,In stock,3
The End of Faith Religion Terror and the Future of Reason,22.13,In stock,4
The Elegant Universe Superstrings Hidden Dimensions and the Quest for the Ultimate Theory,13.03,In stock,4
The Disappearing Spoon And Other True Tales of Madness Love and the History of the World from the Periodic Table of the Elements,57.35,In stock,5
The Devil Wears Prada The Devil Wears Prada ,44.29,In stock,1
The DemonHaunted World Science as a Candle in the Dark,52.25,In stock,4
The Day the Crayons Came Home Crayons,26.33,In stock,5
The Da Vinci Code Robert Langdon ,22.96,In stock,2
The Cuckoos Calling Cormoran Strike ,19.21,In stock,1
The Complete Stories and Poems The Works of Edgar Allan Poe Cameo Edition,26.78,In stock,4
The Complete Poems,41.32,In stock,5
The Catcher in the Rye,24.55,In stock,1
The Cat in the Hat Beginner Books B,16.26,In stock,2
The Case for Christ Cases for Christianity,47.84,In stock,1
The Book Thief,53.49,In stock,2
The Book of Basketball The NBA According to The Sports Guy,44.84,In stock,5
The Blind Side Evolution of a Game,53.71,In stock,5
The Autobiography of Malcolm X,23.43,In stock,2
The Art of Simple Food Notes Lessons and Recipes from a Delicious Revolution,34.32,In stock,3
The Art of Fielding,22.1,In stock,1
Surely Youre Joking Mr Feynman Adventures of a Curious Character,25.83,In stock,2
Stiff The Curious Lives of Human Cadavers,36.74,In stock,3
Spilled Milk Based on a True Story,49.51,In stock,1
Something Borrowed Darcy  Rachel ,48.96,In stock,5
Something Blue Darcy  Rachel ,54.62,In stock,1
Soldier Talon ,24.72,In stock,2
Shopaholic  Baby Shopaholic ,46.45,In stock,2
Seven Days in the Art World,52.33,In stock,2
Seven Brief Lessons on Physics,30.6,In stock,4
Scarlet The Lunar Chronicles ,14.57,In stock,4
Sarahs Key,46.29,In stock,1
Saga Volume  Saga Collected Editions ,21.57,In stock,5
Running with Scissors,12.91,In stock,4
Rogue Lawyer Rogue Lawyer ,50.11,In stock,3
Rise of the Rocket Girls The Women Who Propelled Us from Missiles to the Moon to Mars,41.67,In stock,4
Rework,44.88,In stock,2
Reservations for Two,11.1,In stock,3
Red The True Story of Red Riding Hood,28.54,In stock,3
Ready Player One,19.07,In stock,4
Quiet The Power of Introverts in a World That Cant Stop Talking,43.55,In stock,1
Prodigy The Graphic Novel Legend The Graphic Novel ,43.63,In stock,3
Persepolis The Story of a Childhood Persepolis ,39.13,In stock,1
Packing for Mars The Curious Science of Life in the Void,56.68,In stock,2
Outliers The Story of Success,14.16,In stock,1
Original Fake,31.45,In stock,3
Orange Is the New Black,24.61,In stock,2
One for the Money Stephanie Plum ,32.87,In stock,2
Notes from a Small Island Notes From a Small Island ,40.17,In stock,1
Night The Night Trilogy ,13.51,In stock,1
Neither Here nor There Travels in Europe,38.95,In stock,3
Naked,31.69,In stock,3
Morning Star Red Rising ,29.4,In stock,1
Miracles from Heaven A Little Girl Her Journey to Heaven and Her Amazing Story of Healing,57.83,In stock,1
Midnight Riot Peter Grant Rivers of London  books ,55.46,In stock,2
Me Talk Pretty One Day,57.6,In stock,2
Manuscript Found in Accra,34.98,In stock,2
Lust  Wonder,11.87,In stock,2
Lila Gilead ,12.47,In stock,3
Life the Universe and Everything Hitchhikers Guide to the Galaxy ,33.26,In stock,2
Life Without a Recipe,59.04,In stock,5
Life After Life,26.13,In stock,2
Letter to a Christian Nation,22.2,In stock,1
Lets Pretend This Never Happened A Mostly True Memoir,45.11,In stock,1
Legend Legend ,43.69,In stock,4
Lean In Women Work and the Will to Lead,25.02,In stock,1
Lamb The Gospel According to Biff Christs Childhood Pal,55.5,In stock,5
Lady Renegades Rebel Belle ,53.04,In stock,5
Jurassic Park Jurassic Park ,44.97,In stock,1
Its Never Too Late to Begin Again Discovering Creativity and Meaning at Midlife and Beyond,42.38,In stock,1
Is Everyone Hanging Out Without Me And Other Concerns,20.11,In stock,3
Into the Wild,56.7,In stock,5
Inferno Robert Langdon ,41.0,In stock,5
In the Garden of Beasts Love Terror and an American Family in Hitlers Berlin,28.85,In stock,3
If I Run If I Run ,49.97,In stock,4
Ive Got Your Number,19.69,In stock,1
I Am Malala The Girl Who Stood Up for Education and Was Shot by the Taliban,28.88,In stock,2
Hungry Girl Clean  Hungry Easy AllNatural Recipes for Healthy Eating in the Real World,33.14,In stock,3
House of Lost Worlds Dinosaurs Dynasties and the Story of Life on Earth,43.7,In stock,2
House of Leaves,54.89,In stock,1
Horrible Bear,37.52,In stock,2
Holidays on Ice,51.07,In stock,2
Heir to the Sky,44.07,In stock,4
Green Eggs and Ham Beginner Books B,10.79,In stock,4
Grayson Vol  Nemesis Grayson ,42.72,In stock,1
Gratitude,26.66,In stock,5
Gone Girl,37.6,In stock,5
Golden Heart of Dread ,42.21,In stock,4
Girl in the Blue Coat,46.83,In stock,2
Fruits Basket Vol  Fruits Basket ,45.17,In stock,2
Friday Night Lights A Town a Team and a Dream,51.22,In stock,3
Fire Bound Sea HavenSisters of the Heart ,21.28,In stock,4
Fifty Shades Freed Fifty Shades ,15.36,In stock,5
Fellside,38.62,In stock,1
Extreme Prey Lucas Davenport ,25.4,In stock,3
Eragon The Inheritance Cycle ,43.87,In stock,3
Eclipse Twilight ,18.74,In stock,1
Dune Dune ,54.86,In stock,1
Dracula,52.62,In stock,3
Do Androids Dream of Electric Sheep Blade Runner ,51.48,In stock,1
Disrupted My Misadventure in the StartUp Bubble,15.28,In stock,5
Dead Wake The Last Crossing of the Lusitania,39.24,In stock,5
David and Goliath Underdogs Misfits and the Art of Battling Giants,17.81,In stock,1
Darkfever Fever ,56.02,In stock,1
Dark Places,23.9,In stock,5
Crazy Rich Asians Crazy Rich Asians ,49.13,In stock,5
Counting Thyme,10.62,In stock,1
Cosmos,36.17,In stock,2
Civilization and Its Discontents,59.95,In stock,2
Cinder The Lunar Chronicles ,26.09,In stock,1
Catastrophic Happiness Finding Joy in Childhoods Messy Years,37.35,In stock,2
Career of Evil Cormoran Strike ,24.72,In stock,2
Breaking Dawn Twilight ,35.28,In stock,5
Brave Enough,51.32,In stock,5
Boy Meets Boy,21.12,In stock,3
Born to Run A Hidden Tribe Superathletes and the Greatest Race the World Has Never Seen,27.35,In stock,2
Blink The Power of Thinking Without Thinking,21.74,In stock,5
Black Flags The Rise of ISIS,40.87,In stock,1
Black Butler Vol  Black Butler ,49.31,In stock,1
Big Little Lies,22.11,In stock,1
Between Shades of Gray,20.79,In stock,5
Best of My Love Fools Gold ,27.41,In stock,2
Beowulf,38.35,In stock,2
Beautiful Creatures Caster Chronicles ,21.55,In stock,5
Awkward,38.02,In stock,2
Ash,22.06,In stock,4
Are We There Yet,10.66,In stock,3
Are We Smart Enough to Know How Smart Animals Are,56.58,In stock,1
Annie on My Mind,36.83,In stock,5
And Then There Were None,35.01,In stock,2
A Walk in the Woods Rediscovering America on the Appalachian Trail,30.48,In stock,4
A Visit from the Goon Squad,14.08,In stock,5
A Storm of Swords A Song of Ice and Fire ,31.22,In stock,2
A Heartbreaking Work of Staggering Genius,54.29,In stock,5
 Keys to Mental Health Through Exercise,31.04,In stock,1
GIRLBOSS,50.96,In stock,1
The Suffragettes Little Black Classics ,11.89,In stock,2
The Sense of an Ending,31.38,In stock,3
The Sandman Vol  The Dolls House The Sandman volumes ,54.81,In stock,1
The Course of Love,16.78,In stock,3
Sugar Rush Offensive Line ,24.42,In stock,1
Saga Volume  Saga Collected Editions ,11.75,In stock,3
Run Spot Run The Ethics of Keeping Pets,20.02,In stock,1
New Moon Twilight ,12.86,In stock,4
Life,31.58,In stock,5
Kindle Paperwhite Users Guide,34.0,In stock,3
H is for Hawk,57.42,In stock,5
Girl Online On Tour Girl Online ,53.47,In stock,1
Fruits Basket Vol  Fruits Basket ,11.64,In stock,5
Diary of a Minecraft Zombie Book  A Scare of a Dare An Unofficial Minecraft Book,52.88,In stock,4
Y The Last Man Vol  Unmanned Y The Last Man ,18.51,In stock,4
While You Were Mine,41.32,In stock,5
Where Lightning Strikes Bleeding Stars ,39.77,In stock,3
When Im Gone,51.96,In stock,3
Ways of Seeing,39.51,In stock,5
Vampire Knight Vol  Vampire Knight ,15.4,In stock,1
Vampire Girl Vampire Girl ,53.82,In stock,2
Twenty Love Poems and a Song of Despair,30.95,In stock,4
Travels with Charley In Search of America,57.82,In stock,5
Three Wishes River of Time California ,44.18,In stock,2
This One Moment Pushing Limits ,48.71,In stock,1
The Zombie Room,19.69,In stock,5
The Wicked  The Divine Vol  The Faust Act The Wicked  The Divine,36.52,In stock,2
The Tumor,41.56,In stock,5
The Story of Hong Gildong,43.19,In stock,4
The Silent Wife,12.34,In stock,5
The Silent Twin Detective Jennifer Knight ,36.25,In stock,3
The Selfish Gene,29.45,In stock,1
The Secret Healer,34.56,In stock,3
The Sandman Vol  Preludes and Nocturnes The Sandman volumes ,54.12,In stock,3
The Republic,33.78,In stock,3
The Odyssey,29.64,In stock,3
The No  Ladies Detective Agency No  Ladies Detective Agency ,57.7,In stock,4
The Nicomachean Ethics,36.34,In stock,1
The Name of the Wind The Kingkiller Chronicle ,50.59,In stock,3
The Mirror  the Maze The Wrath and the Dawn ,29.38,In stock,1
The Little Prince,45.42,In stock,2
The Light of the Fireflies,54.43,In stock,1
The Last Girl The Dominion Trilogy ,36.26,In stock,2
The Iliad,16.16,In stock,1
The Hook Up Game On ,36.29,In stock,5
The Haters,27.89,In stock,5
The Girl You Lost,12.29,In stock,5
The Girl In The Ice DCI Erika Foster ,15.85,In stock,3
The End of the Jesus Era An Investigation ,14.4,In stock,1
The Edge of Reason Bridget Jones ,19.18,In stock,4
The Complete Maus Maus ,10.64,In stock,3
The Communist Manifesto,14.76,In stock,3
The Bhagavad Gita,57.49,In stock,3
The Bette Davis Club,30.66,In stock,3
The Art of Not Breathing,40.83,In stock,4
Taking Shots Assassins ,18.88,In stock,2
Starlark,25.83,In stock,3
Skip Beat Vol  Skip Beat ,42.12,In stock,3
Sister Sable The Mad Queen ,13.33,In stock,3
Shatter Me Shatter Me ,42.4,In stock,1
Shameless,58.35,In stock,3
Shadow Rites Jane Yellowrock ,21.72,In stock,4
Settling the Score The Summer Games ,44.91,In stock,2
Sense and Sensibility,37.46,In stock,1
Saga Volume  Saga Collected Editions ,28.48,In stock,1
Rhythm Chord  Malykhin,28.34,In stock,2
Rat Queens Vol  Sass  Sorcery Rat Queens Collected Editions ,46.96,In stock,5
Paradise Lost Paradise ,24.96,In stock,1
Paper Girls Vol  Paper Girls ,21.71,In stock,4
Ouran High School Host Club Vol  Ouran High School Host Club ,29.87,In stock,3
Origins Alphas ,28.99,In stock,1
One Second Seven ,52.94,In stock,2
On the Road Duluoz Legend,32.36,In stock,3
Old Records Never Die One Mans Quest for His Vinyl and His Past,55.66,In stock,2
Off Sides Off ,39.45,In stock,5
Of Mice and Men,47.11,In stock,2
Myriad Prentor ,58.75,In stock,4
My Perfect Mistake Over the Top ,38.92,In stock,2
Ms Marvel Vol  No Normal Ms Marvel  ,39.39,In stock,4
Meditations,25.89,In stock,2
Matilda,28.34,In stock,1
Lost Among the Living,27.7,In stock,4
Lord of the Flies,24.89,In stock,3
Listen to Me Fusion ,58.99,In stock,3
Kitchens of the Great Midwest,57.2,In stock,5
Jane Eyre,38.43,In stock,5
Imperfect Harmony,34.74,In stock,4
Icing Aces Hockey ,40.44,In stock,4
Hawkeye Vol  My Life as a Weapon Hawkeye ,45.24,In stock,3
Having the Barbarians Baby Ice Planet Barbarians ,34.96,In stock,4
Giant Days Vol  Giant Days ,56.76,In stock,4
Fruits Basket Vol  Fruits Basket ,40.28,In stock,5
Frankenstein,38.0,In stock,2
Forever Rockers The Rocker ,28.8,In stock,3
Fighting Fate Fighting ,39.24,In stock,3
Emma,32.93,In stock,2
Eat Pray Love,51.32,In stock,3
Deep Under Walker Security ,47.09,In stock,5
Choosing Our Religion The Spiritual Lives of Americas Nones,28.42,In stock,4
Charlie and the Chocolate Factory Charlie Bucket ,22.85,In stock,3
Charitys Cross Charles Towne Belles ,41.24,In stock,1
Bright Lines,39.07,In stock,5
Bridget Joness Diary Bridget Jones ,29.82,In stock,1
Bounty Colorado Mountain ,37.26,In stock,4
Blood Defense Samantha Brinkman ,20.3,In stock,3
Bleach Vol  Strawberry and the Soul Reapers Bleach ,34.65,In stock,5
Beyond Good and Evil,43.38,In stock,1
Alice in Wonderland Alices Adventures in Wonderland ,55.53,In stock,1
Ajin DemiHuman Volume  Ajin DemiHuman ,57.06,In stock,4
A Spys Devotion The Regency Spies of London ,16.97,In stock,5
st to Die Womens Murder Club ,53.98,In stock,1
 Places to See Before You Die,26.08,In stock,5
